{
    "name": "ecommerce-frontend",
    "version": "1.0.0",
    "builds": [
        {
            "src": "package.json",
            "use": "@microsoft/static-web-apps-cli",
            "build": "npm run build",
            "output": "build"
        }
    ],
    "routes": [
        {
            "route": "/api/*",
            "allowedRoles": [
                "anonymous"
            ]
        },
        {
            "route": "/*",
            "serve": "/index.html",
            "statusCode": 200
        }
    ],
    "navigationFallback": {
        "rewrite": "/index.html",
        "exclude": [
            "/api/*",
            "/static/*"
        ]
    },
    "responseOverrides": {
        "404": {
            "rewrite": "/index.html"
        }
    },
    "globalHeaders": {
        "Cache-Control": "no-cache"
    },
    "mimeTypes": {
        ".json": "application/json"
    }
}